type,client,tx,amount
deposit,1,149,0.1023
deposit,1,5,3.9320
deposit,1,7,0.0003
deposit,1,1,0.5803
deposit,1,32767,0.0170
deposit,1,5676658,0.2047
deposit,1,4095,0.2048
deposit,1,32496,0.0743
deposit,1,145383,0.6951
deposit,1,4541,4.3399
deposit,1,2347,1.0959
deposit,1,4,620427.8479
deposit,1,512,122.4570
deposit,1,3,0.0127
deposit,1,8192,214748.3647
deposit,1,282219,8.2880
deposit,1,375707064,0.0031
deposit,1,13239,0.6637
deposit,1,256,0.0776
deposit,1,3247,0.0656
deposit,1,307181,2.1792
deposit,1,8,0.0512
deposit,1,2147483647,0.0127
deposit,1,4096,265.1361
